<?xml version="1.0" encoding="UTF-8" standalone="yes"?>
<addon id="script.pegasus" name="pegasus" version="1.0.3" provider-name="Waspoeder">
	<requires>
		<import addon="xbmc.python" version="2.14.0"/>
	</requires>
	<extension point="xbmc.python.script" library="addon.py">
		<provides>executable</provides>
	</extension>
	<extension point="xbmc.addon.metadata">
		<platform>all</platform>
		<summary lang="en">Pegasus</summary>
		<description lang="en">Script for booting pegasus frontend from another skin on the libreelec build from 5schatten</description>
		<license>GNU General Public License, v2</license>
		<language></language>
		<forum>hhttps://forum.libreelec.tv/thread/12662</forum>
		<source>None</source>
		<website>Libreelec</website>
		<email>zag@kodi.org</email>
		<assets>
			<icon>icon.png</icon>
					</assets>
		<news>Hi</news>
	</extension>
</addon>
